grade,Semester,Literacy,Math,Science,Social Science,P.E.
GR9,1,68.34511,59.23525,64.8405,66.66108,75.4421
GR10,1,71.14784,62.18015,64.33104,71.7374,75.45031
GR11,1,70.39641,63.65416,68.56976,73.56484,79.10114
GR12,1,67.26897,58.58621,74.15572,70.83992,88.85172
GR9,2,73.46225,65.23222,69.66003,73.44303,78.34329
GR10,2,67.60693,66.35454,59.78114,67.76513,77.77908
GR11,2,71.9459,71.63607,72.97473,73.35699,77.41872
GR12,2,68.07986,70.63889,73.84395,74.71627,89.70139